Designator,Mid X,Mid Y,Rotation,Layer
C1,48.805,-15.37,0.0,bottom
C10,59.265,-13.975,180.0,top
C11,58.23,-12.095,270.0,top
C12,50.46012,-9.645,90.0,top
C13,56.16012,-9.645,270.0,top
C14,49.345,-7.555,0.0,bottom
C15,17.105,-16.895,180.0,bottom
C16,17.555,-6.12,0.0,bottom
C17,18.2175,-11.895,90.0,bottom
C18,7.71012,-10.3325,180.0,bottom
C19,19.66238,-21.295,270.0,top
C2,48.78,-14.145,0.0,bottom
C20,24.545,-18.795,0.0,top
C21,24.86238,-25.1325,180.0,top
C22,22.505,-23.895,0.0,bottom
C23,17.305,-9.795,270.0,top
C24,18.155,-11.295,0.0,top
C26,48.72262,-11.595,180.0,bottom
C27,54.72262,-9.545,0.0,bottom
C28,54.72262,-10.545,0.0,bottom
C29,48.82262,-17.345,180.0,bottom
C3,45.405,-12.895,270.0,bottom
C30,48.82262,-16.345,180.0,bottom
C31,50.94762,-19.245,0.0,bottom
C32,50.94762,-18.245,0.0,bottom
C33,43.005,-11.395,90.0,bottom
C34,44.005,-11.395,90.0,bottom
C35,54.34262,-19.27,180.0,bottom
C36,54.34262,-18.27,180.0,bottom
C37,52.62262,-19.399999,90.0,bottom
C38,48.305,-12.595,180.0,bottom
C39,32.305,-19.195,270.0,bottom
C4,39.205,-10.395,90.0,bottom
C40,56.405,-14.395,180.0,top
C41,55.205,-13.395,180.0,top
C42,56.525,-15.395,180.0,top
C43,46.105,-15.495,0.0,top
C44,26.605,-12.095,0.0,bottom
C45,20.149999,-22.099999,0.0,bottom
C5,40.51238,-9.77,90.0,bottom
C6,39.499999,-21.899999,270.0,bottom
C7,42.499999,-22.599999,180.0,bottom
C8,37.199999,-20.899999,90.0,bottom
C9,36.205,-20.899999,90.0,bottom
D1,24.655,-21.395,180.0,bottom
D2,25.205,-13.795,0.0,bottom
D4,1.699999,-9.699999,0.0,bottom
FB1,45.03,-10.395,90.0,bottom
FB2,38.199999,-20.899999,270.0,bottom
FB3,35.205,-20.98,270.0,bottom
FID1,57.86238,-3.795,0.0,top
FID2,41.605,-23.995,0.0,top
FID3,4.16238,-24.295,0.0,top
H3,44.602398,-10.600191,0.0,top
J1,36.799999,-22.699999,0.0,top
J11,8.605,-19.245,90.0,top
J13,-1.045,-14.945,90.0,top
J14,3.755,-14.945,90.0,top
J2,46.799999,-22.699999,0.0,top
J3,13.405,-19.245,90.0,top
J4,29.004999,0.005001,0.0,bottom
J5,0.76238,-6.795,180.0,top
J6,8.76238,-6.785,180.0,top
J7,27.225,-8.07,180.0,top
J8,35.26238,-8.055,180.0,top
J9,52.669999,-22.699999,0.0,top
L4,30.06238,-22.395,90.0,top
MK1,59.86238,-11.695,180.0,top
Q1,23.75238,-15.2325,90.0,top
Q2,29.105,-23.395,180.0,bottom
R1,46.88,-15.37,0.0,bottom
R12,0.705,-3.595,180.0,top
R13,-2.095,-4.295,270.0,top
R14,21.955,-5.545,270.0,top
R15,20.905,-5.545,270.0,top
R18,12.305,-4.495,0.0,bottom
R19,38.605,-5.495,180.0,top
R2,46.88,-14.145,0.0,bottom
R20,8.205,-7.995,90.0,bottom
R21,7.205,-7.985,90.0,bottom
R22,47.105,-14.495,180.0,top
R23,54.605,-16.295,0.0,top
R24,23.615,-17.695,180.0,top
R25,19.855,-4.895,270.0,top
R26,21.67238,-13.195,270.0,top
R27,23.17238,-12.695,0.0,top
R28,25.305,-16.695,180.0,top
R29,19.105,-16.895,180.0,bottom
R3,40.505,-20.895,270.0,bottom
R30,23.005,-5.545,270.0,top
R31,16.0175,-9.945,0.0,bottom
R32,7.124999,-12.8825,270.0,bottom
R33,4.305,-9.799999,0.0,bottom
R34,26.89762,-9.27,90.0,bottom
R35,25.89762,-9.27,90.0,bottom
R38,34.705,-9.355,90.0,bottom
R39,33.705,-9.355,90.0,bottom
R4,39.96238,-11.895,0.0,bottom
R40,21.705,-18.695,90.0,bottom
R42,41.789999,-18.399999,0.0,top
R5,44.305,-20.799999,270.0,bottom
R6,47.805,-8.795,270.0,bottom
R7,57.32262,-15.145,0.0,bottom
R8,33.005,-21.195,90.0,bottom
R9,17.905,-6.895,90.0,top
TH1,1.599999,-12.199999,270.0,bottom
TP2,58.605,-18.595,0.0,top
TP3,29.705,-15.82,90.0,top
TP4,33.305,-15.82,90.0,top
U1,39.85738,-16.17,180.0,bottom
U10,29.655,-19.695,270.0,bottom
U12,20.005,-8.995,90.0,top
U2,52.855,-14.37,270.0,bottom
U3,53.32262,-9.645,180.0,top
U5,14.81238,-6.4575,270.0,bottom
U6,15.9675,-12.545,0.0,bottom
U7,9.755,-12.3325,180.0,bottom
U8,18.005,-19.295,0.0,bottom
U9,25.045,-21.395,0.0,top
Y1,49.92262,-9.565,180.0,bottom
